Q,A
坚持思想建党和制度治党相统一，既要解决思想问题，也要解决制度问题，把（    ）作为根本任务，把制度建设贯穿到党的各项建设之中。,坚定理想信念
坚持行使权力和担当责任相统一，真正把（    ）作为最根本的政治担当，紧紧咬住“责任”二字，抓住“问责”这个要害。,落实管党治党政治责任
党中央作出的决策部署，所有党组织都要不折不扣贯彻落实，始终在政治立场、政治方向、政治原则、（    ）上同党中央保持高度一致。,政治道路
加强作风建设必须紧扣（    ）这个关键。,保持党同人民群众血肉联系
要加强（    ），使铁的纪律转化为党员、干部的日常习惯和自觉遵循。,纪律教育
（    ）是党的纪律检查机关履行职责的总依据。,党章
深化国家监察体制改革的根本目的，是（    ），推进国家治理体系和治理能力现代化。,加强党对反腐败工作的统一领导
各级领导干部要带头转变作风，经常摆摆表现、找找差距，坚持身体力行、以上率下，形成（    ）。,头雁效应
（    ）是全面从严治党的治本之策，为其他各项建设提供规范和保障。,纪律建设
全面从严治党是系统工程，要靠全党管全党治全党，必须发挥党的（    ），形成一级抓一级、全党动手一起抓的良好局面。,组织优势
根据《中国共产党巡视工作条例》，（    ）有义务向巡视组如实反映情况。,党员
根据《中国共产党巡视工作条例》，开展巡视巡察工作的（    ）承担巡视巡察工作的主体责任。,党组织
根据《中国共产党巡视工作条例》，巡视工作坚持中央统一领导、分级负责；坚持实事求是、依法依规；坚持（    ）。,群众路线、发扬民主
巡视期间，经巡视工作领导小组批准，对群众反映强烈、明显违反规定并且能够及时解决的问题，向（    ）提出处理建议。,被巡视党组织
根据《中国共产党巡视工作条例》，对巡视组进行管理和监督是（    ）的职责。,巡视工作领导小组
党的中央和省、自治区、直辖市委员会实行巡视制度，建立专职巡视机构，在（    ）任期内对所管理的地方、部门、企事业单位党组织全面巡视。,一届
根据《中国共产党巡视工作条例》，巡视工作人员实行任职回避、（    ）回避、公务回避。,地域
根据《中国共产党巡视工作条例》，巡视组依靠（    ）开展工作，不干预被巡视地区（单位）的正常工作。,被巡视党组织
根据《中国共产党巡视工作条例》，巡视组不履行（    ）的职责。,执纪审查
根据《中国共产党巡视工作条例》，（    ）为落实巡视整改工作的第一责任人。,被巡视党组织主要负责人
中国移动党风廉政建设及系统性预防和惩治腐败工作体系以（    ）为检验标准和尺度。,落地做实、有效管用
中国移动党风廉政建设及系统性预防和惩治腐败工作体系包括（    ）四大模块，模块之间相互咬合、互为补充、有机统一、动态循环。,教育、防控、惩治、问责
在中国移动党风廉政建设及系统性预防和惩治腐败工作体系四大模块中，（    ）是基础，筑牢不想腐的思想基础。,教育
在中国移动党风廉政建设及系统性预防和惩治腐败工作体系四大模块中，（    ）是条件，刚性约束和氛围约束共同发挥作用，形成不能腐的条件制约。,防控
在中国移动党风廉政建设及系统性预防和惩治腐败工作体系四大模块中，（    ）是手段，营造不敢腐的形势压力。,惩治
在中国移动党风廉政建设及系统性预防和惩治腐败工作体系四大模块中，（    ）是利器，促进责任明确和责任担当。,问责
党风廉政建设及系统性预防和惩治腐败工作体系四大模块中，（    ）是构建工作体系的关键切入口，有助于推动“不能腐”的体制机制有效运行。,防控
在中国移动党风廉政建设及系统性预防和惩治腐败工作体系中，防控模块工作分为（    ）和氛围约束。,刚性约束
在中国移动党风廉政建设及系统性预防和惩治腐败工作体系中，防控工作的刚性约束不包括（    ）。,第一种形态
在中国移动党风廉政建设及系统性预防和惩治腐败工作体系中，问责模块的核心工作是（    ），同时要做好与教育、防控、惩治的衔接。,责任追究
使用业务招待费时，可以采取预存一定的费用后续签单消费的方式。以上描述是否正确（    ）。,错误
因紧急重要接待任务需要，可以抽调部分营业员参加接待服务。以上描述是否正确（    ）。,错误
各单位领导人员离退休后，不得占用原单位办公用房，并应在办理退休手续后（    ）内腾退办公用房。,2个月
出差期间，房费以外的其他酒店消费（如洗衣、餐吧、水吧等个人消费），不得纳入住宿费进行报销。以上描述是否正确（    ）。,正确
内部业务招待活动，招待对象在10人以内的，陪同人数不得超过（    ）人。,3
在与供应商或合作方交往过程中，出于保密考虑，可以在非公共场所与供应商或合作方商谈业务。以上描述是否正确（    ）。,错误
内部业务招待活动，用餐标准每次人均不得超过（    ），不上酒、不得赠送纪念品。招待同一批次对象，原则上不超过（    ）。,150元，两次
对于支出金额超过（    ）的大额业务招待费支出，应以银行转账或银行卡方式结算，不得以现金方式结算。,5000元
在起草签报和发文时，要根据实际工作需要合理确定会签部门数量，部门内会签时间不超过（    ）个工作日。,5
各级领导应了解、掌握相关亲属经商办企业、工作情况，不得有相关亲属创办、参股或实际控制的企业，但如果本人不知晓，可以免责。,错误
严格执行婚丧事宜报告备案制度。对于婚嫁事宜，应当在操办婚礼（    ）个工作日前，按照领导人员管理权限向相应组织人事部门书面报告。,10
会议原则上安排在公司自有场所或协议酒店，禁止以各种名义和方式变相旅游，兄弟公司来访的，可以适当赠送纪念品或土特产。,错误
应严格规范政府奖励资金的使用，未经主管部门批准，不得擅自分配政府给予的各种奖励资金。以上描述是否正确（    ）。,正确
，因实际工作需要，需租用宾馆、酒店房间作为办公用房的，最长租用时间不超过（    ）。,半年
坚持移风易俗、从俭从简，严格控制婚丧宴请规模和标准。婚丧宴席规模累计不超过15桌，且宾客总人数不超过150人，礼金不超过（    ）元/人。,200
因客观原因造成行程变化，可自行根据情况变更已批准的因私出国（境）的日期、行程等内容。以上描述是否正确（    ）。,错误
地市分公司副总经理及以上相当职务领导人员因私出国（境）归来后，应在（    ）个工作日内将证件交还组织人事部门保管。,10
国家法定节假日期间（元旦、春节、清明节、劳动节、端午节、中秋节、国庆节），除有特殊情况，一般不安排业务招待。以上描述是否正确（    ）。,正确
对于政府特殊安排等需要，需在同等条件下优先考虑的供应商或合作方，应在严格执行相关程序的基础上，做出专项登记备案，供决策参考。,正确
各单位要按照（    ）的原则，加强日常管理，并通过专项检查、抽查等方式，开展落实中央八项规定精神、进一步深化作风建设相关制度执行情况的监督检查。,谁主管，谁负责；谁立规，谁检查
根据《中共中国移动通信集团公司党组问责工作管理办法（试行）》， 问责分为党内问责和（    ）。,管理问责
根据《中共中国移动通信集团公司党组问责工作管理办法（试行）》，对党组织的党内问责方式不包括（    ）。,撤销
根据《中共中国移动通信集团公司党组问责工作管理办法（试行）》，对党的领导干部的党内问责方式不包括（    ）。,检查
根据《中共中国移动通信集团公司党组问责工作管理办法（试行）》，对个人的管理问责方式不包括（    ）。,纪律处分
进行管理问责时，各单位可结合实际与业绩考核、绩效进行适当关联。以上描述是否正确（    ）。,正确
根据《中共中国移动通信集团公司党组问责工作管理办法（试行）》，受到诫勉处理的党员，（    ）内不得提拔或者重用。,六个月
根据《中共中国移动通信集团公司党组问责工作管理办法（试行）》，受到调整职务处理的党员，（    ）内不得提拔。,一年
根据《中共中国移动通信集团公司党组问责工作管理办法（试行）》，受到降职处理的党员，（    ）内不得提拔。,两年
根据《中共中国移动通信集团公司党组问责工作管理办法（试行）》，个人受到检查处理的，（    ）不得评先评优。,当年
问责实施部门应于问责决定作出后（    ）个工作日内，以问责主体名义将《问责决定书》发至问责对象本人。,10
中国共产党第十九次全国代表大会，是在全面建成小康社会决胜阶段、中国特色社会主义进入(   )的关键时期召开的一次十分重要的大会。,新时代
不忘初心，(    )，高举中国特色社会主义伟大旗帜，决胜全面建成小康社会。,牢记使命
中国共产党人的初心和使命，就是为中国人民(    ) ，为中华民族(    )。这个初心和使命是激励中国共产党人不断前进的根本动力。,谋幸福，谋复兴
五年来，我们统筹推进“(    )”总体布局、协调推进“(    )”战略布局，“十二五”规划胜利完成，“十三五”规划顺利实施。,五位一体　四个全面
过去五年，我国生产总值从五十四万亿元增长到(   )万亿元，稳居世界第二，对世界经济增长贡献率超过百分之三十。,八十
脱贫攻坚战取得决定性进展，（   ）贫困人口稳定脱贫，贫困发生率从百分之十点二下降到百分之四以下。,六千多万
实施共建“一带一路”，举办国际合作高峰论坛、亚太经合组织领导人非正式会议、二十国集团领导人(   )峰会、金砖国家领导人(    )会晤。,杭州　厦门
坚持反腐败无禁区、全覆盖、零容忍，坚定不移“打虎”、“拍蝇”、“猎狐”，____的目标初步实现，反腐败斗争压倒性态势已经形成并巩固发展。,不敢腐　不能腐　不想腐
经过长期努力，中国特色社会主义进入了新时代，这是我国发展新的(    )。,历史方位
中国特色社会主义进入新时代，我国社会主要矛盾已经转化为人民日益增长的(    )需要和(    )的发展之间的矛盾。,美好生活　不平衡不充分
我国仍处于并将长期处于(   )的基本国情没有变，我国是世界最大发展中国家的国际地位没有变。,社会主义初级阶段
(    )是实现社会主义现代化、创造人民美好生活的必由之路。,中国特色社会主义道路
(    )是指导党和人民实现中华民族伟大复兴的正确理论。,中国特色社会主义理论体系
(    )是当代中国发展进步的根本制度保障。,中国特色社会主义制度
(    )中国特色社会主义文化是激励全党全国各族人民奋勇前进的强大精神力量。,中国特色社会主义文化
实现社会主义现代化和中华民族伟大复兴，在全面建成小康社会的基础上，分(   )在本世纪中叶建成富强民主文明和谐美丽的社会主义现代化强国。,两步走
新时代中国特色社会主义思想，明确中国特色社会主义最本质的特征是(   )。,中国共产党领导
发展是解决我国一切问题的基础和关键，发展必须是科学发展，必须坚定不移贯彻(   )的发展理念。,创新、协调、绿色、开放、共享
（   ）是中国特色社会主义的本质要求和重要保障。,全面依法治国
（   ）是一个国家、一个民族发展中更基本、更深沉、更持久的力量。,文化自信
必须统筹国内国际两个大局，始终不渝走和平发展道路、奉行(   )的开放战略。,互利共赢
从现在到二〇二〇年，是全面建成小康社会(   )。,决胜期
从(   )到(   )，是“两个一百年”奋斗目标的历史交汇期。,十九大　二十大
从2020年到本世纪中叶可以分两个阶段来安排。第一个阶段，从(   )到(   )，在全面建成小康社会的基础上，再奋斗十五年，基本实现社会主义现代化。,二〇二〇年　二〇三五年
从全面建成小康社会到基本实现现代化，再到全面建成(   )，是新时代中国特色社会主义发展的战略安排。,社会主义现代化强国
实现“两个一百年”奋斗目标、实现中华民族伟大复兴的中国梦，不断提高人民生活水平，必须坚定不移把(   )作为党执政兴国的第一要务。,发展
我国经济已由(   )阶段转向(   )阶段，正处在转变发展方式、优化经济结构、转换增长动力的攻关期。,高速增长　高质量发展
贯彻新发展理念，建设现代化经济体系，必须坚持质量第一、效益优先，以(   )为主线。,供给侧结构性改革
建设现代化经济体系，必须把发展经济的着力点放在(  )上，把提高供给体系质量作为主攻方向，显著增强我国经济质量优势。,实体经济
(   )是引领发展的第一动力，是建设现代化经济体系的战略支撑。,创新
保持土地承包关系稳定并长久不变，第二轮土地承包到期后再延长(   )年。,三十
确保到（   ）我国现行标准下农村贫困人口实现脱贫，贫困县全部摘帽，解决区域性整体贫困，做到脱真贫、真脱贫。,二〇二〇年
经济体制改革必须以（    ）和（    ）为重点，实现产权有效激励、要素自由流动、价格反应灵活、竞争公平有序、企业优胜劣汰。,完善产权制度　要素市场化配置
推动形成全面开放新格局。要以（   ）作，形成陆海内外联动、东西双向互济的开放格局。,“一带一路”
赋予自由贸易试验区更大改革自主权，探索建设（   ）。,自由贸易港
坚持党的领导、人民当家作主、依法治国有机统一。（   ）是社会主义民主政治的本质特征。,人民当家作主
加强人民当家作主制度保障。（   ）是坚持党的领导、人民当家作主、依法治国有机统一的根本政治制度安排。,人民代表大会制度
发挥社会主义协商民主重要作用。（   ）是具有中国特色的制度安排，是社会主义协商民主的重要渠道和专门协商机构。,人民政协
深化依法治国实践。成立中央全面（   ）领导小组，加强对法治中国建设的统一领导。,依法治国
深化机构和行政体制改革。转变政府职能，深化简政放权，创新监管方式，增强政府公信力和执行力，建设人民满意的（   ）政府。,服务型
全党必须牢记，（   ）的问题，是检验一个政党、一个政权性质的试金石。,为什么人
建设（   ）是中华民族伟大复兴的基础工程。,教育强国
国家安全是安邦定国的重要基石，（   ）是全国各族人民根本利益所在。,维护国家安全
我们要建设的现代化是人与自然(   )的现代化。,和谐共生
加快建立绿色生产和消费的法律制度和政策导向，建立健全(   )的经济体系。,绿色低碳循环发展
加强对生态文明建设的总体设计和组织领导，设立(   )机构。,国有自然资源资产管理和自然生态监管
我们要牢固树立社会主义生态文明观，推动形成(   )现代化建设新格局，为保护生态环境作出我们这代人的努力！,人与自然和谐发展
适应世界新军事革命发展趋势和国家安全需求，提高建设质量和效益，确保到二〇二〇年基本实现(   )，(   )建设取得重大进展，(  )有大的提升。,机械化　信息化　战略能力
力争到二〇三五年(  )国防和军队现代化，到本世纪中叶把人民军队(  )世界一流军队。,基本实现　全面建成
树立(  )是核心战斗力的思想，推进重大技术创新、自主创新，加强军事人才培养体系建设，建设创新型人民军队。,科技
军队是要准备打仗的，一切工作都必须坚持(  )标准，向能打仗、打胜仗聚焦。,战斗力
解决台湾问题、实现祖国完全统一，是全体中华儿女(  )，是中华民族(  )所在。,共同愿望　根本利益
(  )是两岸关系的政治基础。,一个中国原则
我们呼吁，各国人民同心协力，构建人类命运共同体，建设(  )的世界。,持久和平、普遍安全、共同繁荣、开放包容、清洁美丽
深刻认识党面临的(  )的尖锐性和严峻性，坚持问题导向，保持战略定力，推动全面从严治党向纵深发展。,精神懈怠危险、能力不足危险、脱离群众危险、消极腐败危险
党的(  )是党的根本性建设，决定党的建设方向和效果。,政治建设
要尊崇党章，严格执行新形势下党内政治生活若干准则，增强党内政治生活的(  )。,政治性、时代性、原则性、战斗性
坚决防止和反对(  )，坚决防止和反对宗派主义、圈子文化、码头文化，坚决反对搞两面派、做两面人。,个人主义、分散主义、自由主义、本位主义、好人主义
(  )和(  )，是中国共产党人的精神支柱和政治灵魂，也是保持党的团结统一的思想基础。,共产主义远大理想　中国特色社会主义共同理想
要坚持党管干部原则，(  )，把好干部标准落到实处。,坚持德才兼备、以德为先，坚持五湖四海、任人唯贤，坚持事业为上、公道正派
要坚持无禁区、全覆盖、零容忍，坚持（  ），坚持受贿行贿一起查，坚决防止党内形成利益集团。,重遏制、强高压、长震慑
增强党自我净化能力，根本靠强化（  ）和（  ）。,党的自我监督　群众监督
推进（  ），建设覆盖纪检监察系统的检举举报平台。,反腐败国家立法
《中国共产党章程》经中国共产党第十九次全国代表大会部分修改后于（）通过。,2017年10月24日
党章分为总纲和条文两部分。条文部分共（）章()条。,"11,55"
中国共产党是中国工人阶级的先锋队，同时是（）的先锋队，是中国特色社会主义事业的领导核心，代表中国先进生产力的发展要求，代表中国先进文化的前进方向，代表中国最广大人民的根本利益。,中国人民和中华民族
党的最高理想和最终目标是实现（）。,共产主义
中国共产党以马克思列宁主义、毛泽东思想、邓小平理论、“三个代表”重要思想、科学发展观、（）作为自己的行动指南。,习近平新时代中国特色社会主义思想
把习近平新时代中国特色社会主义思想写入我们党的行动指南，这是党的十九大的一个重大历史贡献。习近平新时代中国特色社会主义思想回答了（）这个重大时代课题。,新时代坚持和发展什么样的中国特色社会主义、怎样坚持和发展中国特色社会主义
"习近平新时代中国特色社会主义思想是对马克思列宁主义、毛泽东思想、邓小平理论、""三个代表""重要思想、科学发展观的继承和发展，是马克思主义中国化（），是党和人民实践经验和集体智慧的结晶，是中国特色社会主义理论体系的重要组成部分，是全党全国人民为实现中华民族伟大复兴而奋斗的（），必须长期坚持并不断发展。",最新成果，行动指南
在习近平新时代中国特色社会主义思想指导下，中国共产党领导全国各族人民，统揽（）、伟大工程、伟大事业、伟大梦想，推动中国特色社会主义进入了（）。,伟大斗争，新时代
习近平新时代中国特色社会主义思想，明确坚持和发展中国特色社会主义，总任务是（），在全面建成小康社会的基础上，分（）在本世纪中叶建成富强民主文明和谐美丽的社会主义现代化强国。,实现社会主义现代化和中华民族伟大复兴，两步走
新时代坚持和发展中国特色社会主义的基本方略包括()条。,14
马克思列宁主义揭示了（），它的基本原理是正确的，具有强大的生命力。,人类社会历史发展的规律
中国共产党人追求的共产主义最高理想，只有在()充分发展和高度发达的基础上才能实现。,社会主义社会
社会主义制度的发展和完善是一个（）的历史过程。,长期
坚持马克思列宁主义的基本原理，走中国人民自愿选择的（）的道路，中国的社会主义事业必将取得最终的胜利。,适合中国国情
毛泽东思想是马克思列宁主义在中国的运用和发展，是被实践证明了的关于中国（）的正确的理论原则和经验总结，是中国共产党集体智慧的结晶。,革命和建设
在毛泽东思想指引下，中国共产党领导全国各族人民，经过长期的反对帝国主义、封建主义、（）的革命斗争，取得了新民主主义革命的胜利，建立了人民民主专政的中华人民共和国。,官僚资本主义
新中国成立以后，顺利地进行了社会主义改造，完成了（）的过渡，确立了社会主义基本制度，发展了社会主义的经济、政治和文化。,从新民主主义到社会主义
邓小平理论阐明了（）的基本问题。,在中国建设社会主义、巩固和发展社会主义
邓小平理论是马克思列宁主义的基本原理同当代中国()特征相结合的产物，是毛泽东思想在新的历史条件下的继承和发展，是马克思主义在中国发展的新阶段，是当代中国的马克思主义，是中国共产党集体智慧的结晶，引导着我国社会主义现代化事业不断前进。,实践和时代
()以来，以江泽民同志为主要代表的中国共产党人，在建设中国特色社会主义的实践中，加深了对什么是社会主义、怎样建设社会主义和建设什么样的党、怎样建设党的认识，积累了治党治国新的宝贵经验，形成了（）。,"十三届四中全会，""三个代表""重要思想"
"十六大以来，以胡锦涛同志为主要代表的中国共产党人，坚持以邓小平理论和""三个代表""重要思想为指导，根据新的发展要求，深刻认识和回答了（）等重大问题，形成了以人为本、全面协调可持续发展的科学发展观。",新形势下实现什么样的发展、怎样发展
改革开放以来我们取得一切成绩和进步的根本原因，归结起来就是：开辟了中国特色社会主义道路，形成了中国特色社会主义理论体系，确立了中国特色社会主义制度，发展了（）。,中国特色社会主义文化
我们党的三大历史任务是推进现代化建设、（）、维护世界和平与促进共同发展。,完成祖国统一
我国正处于并将长期处于（）。,社会主义初级阶段
我国的社会主义建设，必须从我国的国情出发，走()道路。,中国特色社会主义
我国正处于并将长期处于社会主义初级阶段。这是在原本经济文化落后的中国建设社会主义现代化不可逾越的历史阶段，需要（）的时间。,上百年
在现阶段，我国社会的主要矛盾是（）和（）之间的矛盾。,人民日益增长的美好生活需要，不平衡不充分的发展
进一步解放生产力，发展生产力，逐步实现社会主义现代化，并且为此而改革生产关系和上层建筑中不适应生产力发展的方面和环节，这是我国（）。,社会主义建设的根本任务
在社会主义初级阶段，必须坚持和完善公有制为主体、多种所有制经济（）的基本经济制度。,共同发展
()是我们党执政兴国的第一要务。,发展
十九大党章增写了必须坚持以（）为中心的发展思想。,人民
坚持创新、协调、绿色、开放、（）的发展理念。各项工作都要把有利于发展社会主义社会的生产力，有利于增强社会主义国家的综合国力，有利于提高人民的生活水平，作为总的出发点和检验标准。,共享
尊重劳动、尊重知识、尊重人才、（），做到发展为了人民、发展依靠人民、发展成果由人民共享。,尊重创造
跨入新世纪，我国进人（）的新的发展阶段。,全面建设小康社会、加快推进社会主义现代化
中国特色社会主义事业“五位一体”总体布局是经济建设、政治建设、文化建设、社会建设、（)。,生态文明建设
中国特色社会主义事业“四个全面”战略布局是全面建成小康社会、（）、全面依法治国、全面从严治党。,全面深化改革
在新世纪新时代，经济和社会发展的战略目标是，到建党一百年时，（）；到新中国成立一百年时，全面建成社会主义现代化强国。,全面建成小康社会
中国共产党在领导社会主义事业中，必须坚持以()为中心，其他各项工作都服从和服务于这个中心。,经济建设
党章要求，充分发挥（）作为引领发展第一动力的作用。,创新
坚持社会主义道路、坚持人民民主专政、坚持（）、坚持马克思列宁主义毛泽东思想这四项基本原则，是我们的立国之本。,中国共产党的领导
坚持（），是我们的强国之路。,改革开放
要从根本上改革束缚生产力发展的经济体制，坚持和完善社会主义（）体制。,市场经济
发挥市场在资源配置中的（）作用，更好发挥政府作用，建立完善的宏观调控体系。,决定性
促进（）、信息化、城镇化、农业现代化同步发展，建设社会主义新农村，走中国特色新型工业化道路，建设创新型国家和（）。,新型工业化，世界科技强国
"中国共产党领导人民发展社会主义民主政治,坚持()、人民当家作主、依法治国有机统一，走中国特色社会主义政治发展道路。",党的领导
走中国特色社会主义政治发展道路，扩大社会主义民主，（），建设社会主义法治国家。,建设中国特色社会主义法治体系
发展更加广泛、更加充分、更加健全的人民民主，推进协商民主广泛、多层、（）发展的内容。,制度化
建设社会主义精神文明，实行依法治国和以德治国相结合，提高全民族的思想道德素质和科学文化素质，为改革开放和社会主义现代化建设提供强大的思想保证、精神动力和智力支持，建设（）。,社会主义文化强国
中国共产党领导人民发展社会主义先进文化，弘扬以爱国主义为核心的民族精神和以（）为核心的时代精神。,改革创新
中国共产党领导人民发展社会主义民主政治。广开言路，建立健全民主选举、民主决策、（）、民主监督的制度和程序。,民主管理
坚持和完善人民代表大会制度、中国共产党领导的多党合作和政治协商制度、民族区域自治制度以及（）。,基层群众自治制度
十九大党章增写了培育和践行社会主义核心价值观的内容。在社会主义核心价值观中，（）是个人层面的价值。,爱国、敬业、诚信、友善
牢牢掌握意识形态工作领导权，不断巩固（）在意识形态领域的指导地位，巩固全党全国人民团结奋斗的（）。,马克思主义，共同思想基础
大力发展教育、科学、文化事业，推动（）创造性转化、创新性发展，继承（），发展社会主义先进文化，提高国家文化软实力。,中华优秀传统文化，革命文化
解决好人民最关心、最直接、最现实的利益问题，使发展成果更多更公平惠及全体人民，不断增强人民群众（）。,获得感
中国共产党领导人民构建社会主义和谐社会，加强和创新社会（）。,治理
坚持（），坚决维护国家主权、安全、发展利益。,总体国家安全观
中国共产党领导人民建设社会主义生态文明，增强()的意识。,绿水青山就是金山银山
建设社会主义生态文明，要树立尊重自然、（）、保护自然的生态文明理念。,顺应自然
坚持节约优先、（）的方针，坚持生产发展、生活富裕、生态良好的文明发展道路。,保护优先、自然恢复为主
着力建设资源节约型、环境友好型社会，实行（）生态环境保护制度。,最严格的
中国共产党坚持对人民解放军和其他人民武装力量的（）。,绝对领导
()是马克思主义军事理论中国化的最新成果，这一成果被写入了党章。,习近平强军思想
贯彻习近平强军思想，加强人民解放军的建设，坚持政治建军、改革强军、科技兴军、（）。,依法治军
建设一支听党指挥、（）、作风优良的人民军队。,能打胜仗
切实保证人民解放军有效履行（），充分发挥人民解放军在巩固国防、保卫祖国和参加社会主义现代化建设中的作用。,新时代军队使命任务
中国共产党维护和发展（）团结互助和谐的社会主义民族关系。,平等
铸牢（）意识，实现各民族共同团结奋斗、共同繁荣发展。,中华民族共同体
我国最广泛的爱国统一战线是由全体社会主义劳动者、社会主义事业的建设者、拥护社会主义的爱国者、拥护祖国统一和（）组成的。,致力于中华民族伟大复兴的爱国者
按照（）的方针，促进香港、澳门长期繁荣稳定，完成祖国统一大业。,“一个国家、两种制度”
中国共产党坚持（）的和平外交政策，坚持（）道路，坚持（）的开放战略，统筹国内国际两个大局，积极发展对外关系，努力为我国的改革开放和现代化建设争取有利的国际环境。,独立自主，和平发展，互利共赢
在国际事务中，维护世界和平，促进人类进步，推动构建（），推动建设持久和平、共同繁荣的和谐世界。,人类命运共同体
中国共产党主张在（）、互不侵犯、互不干涉内政、平等互利、和平共处五项原则的基础上，发展我国同世界各国的关系。,互相尊重主权和领土完整
"遵循（）原则，推进""一带一路""建设。",共商共建共享
中国共产党按照（）的原则，发展我党同各国共产党和其他政党的关系。,独立自主、完全平等、互相尊重、互不干涉内部事务
"中国共产党要领导全国各族人民实现""两个一百年""奋斗目标、实现中华民族伟大复兴的中国梦，必须紧密围绕党的基本路线，坚持（）。",党要管党、全面从严治党
党的十九大报告指出，坚持全面从严治党，必须以党章为根本遵循，把（）摆在首位，思想建党和制度治党同向发力，统筹推进党的各项建设。,党的政治建设
十九大党章在总纲中增写了不断增强党的自我净化、()、自我革新、自我提高能力的内容。,自我完善
新时代党的建设总体要求强调，以党的（）为统领，全面推进党的政治建设、思想建设、组织建设、作风建设、纪律建设，把（）贯穿其中，深入推进反腐败斗争，全面提高党的建设科学化水平。,政治建设，制度建设
十九大党章将党的建设必须坚决实现的基本要求由四项改为五项，增写的一项是（）。,坚持从严管党治党
加强各级领导班子建设，培养选拔党和人民需要的好干部，培养和造就千百万社会主义事业接班人，从组织上保证党的基本理论、基本路线、（）的贯彻落实。,基本方略
一切从实际出发，理论联系实际，实事求是，在实践中检验真理和发展真理。这是党章对（）的表述。,党的思想路线
我们党的最大政治优势是（）。,密切联系群众
中国共产党执政后的最大危险是（）。,脱离群众
党风问题、（）是关系党生死存亡的问题。,党同人民群众联系问题
一切为了群众，一切依靠群众，从群众中来，到群众中去，把党的正确主张变为群众的自觉行动。这是党章对（）的表述。,党的群众路线
民主集中制是（）。,民主基础上的集中和集中指导下的民主相结合
民主集中制既是党的（），也是群众路线在党的生活中的运用。,根本组织原则
必须实行正确的集中，牢固树立政治意识、大局意识、核心意识、看齐意识，坚定维护（），保证全党的团结统一和行动一致，保证党的决定得到迅速有效的贯彻执行。,以习近平同志为核心的党中央权威和集中统一领导
加强和规范党内政治生活，增强党内政治生活的政治性、时代性、原则性、（），发展积极健康的党内政治文化，营造风清气正的良好政治生态。,战斗性
党在自己的政治生活中正确地开展（），在原则问题上进行思想斗争，坚持真理，修正错误。,批评和自我批评
努力造成又有集中又有民主，又有纪律又有自由，()生动活泼的政治局面。,又有统一意志又有个人心情舒畅
在党的纪律面前（）。,人人平等
坚持依规治党、标本兼治，坚持把（）挺在前面。,纪律
深入推进党风廉政建设和反腐败斗争，以零容忍态度惩治腐败，构建（）的有效机制。,不敢腐、不能腐、不想腐
()是中国特色社会主义最本质的特征，是中国特色社会主义制度的最大优势。,中国共产党的领导
党必须按照（）的原则，在同级各种组织中发挥领导核心作用。,总揽全局、协调各方
党必须在（）的范围内活动。,宪法和法律
党必须保证国家的立法、司法、行政、（）机关，经济、文化组织和人民团体积极主动地、独立负责地、协调一致地工作。,监察
党必须加强对工会、共产主义青年团、妇女联合会等群团组织的领导，使它们保持和增强政治性、先进性、()，充分发挥作用。,群众性
可以申请加入中国共产党的年龄为年满（）。,18岁
中国共产党党员是中国工人阶级的（）的先锋战士。,有共产主义觉悟
中国共产党党员必须全心全意为人民服务，不惜牺牲个人的一切，为实现（）奋斗终身。,共产主义
中国共产党党员永远是劳动人民的普通一员。除了()的个人利益和工作职权以外，所有共产党员都不得谋求任何私利和特权。,法律和政策规定范围内
党章规定，党员必须履行的义务有（）。,8项
党章规定，党员享有（）权利。,8项
党员要带动群众为经济发展和社会进步艰苦奋斗，在生产、工作、学习和社会生活中起（）。,先锋模范作用
党员必须坚持党和人民的利益高于一切，个人利益服从（）利益，吃苦在前，享受在后，克己奉公，多做贡献。,党和人民的
党员自觉遵守党的纪律，首先是（），模范遵守国家的法律法规，严格保守党和国家的秘密，执行党的决定，服从组织分配，积极完成党的任务。,党的政治纪律和政治规矩
党员义务包括切实开展批评和自我批评，勇于揭露和纠正（）和工作中的缺点、错误，坚决同消极腐败现象作斗争。,违反党的原则的言行
党员要发扬社会主义新风尚，带头实践（）和社会主义荣辱观，提倡共产主义道德，弘扬中华民族传统美德。,社会主义核心价值观
党员有权对党的工作提出建议和（）。,倡议
党员有权在党的会议上（）地批评党的任何组织和任何党员，向党负责地揭发、检举党的任何组织和任何党员违法乱纪的事实。,有根据
党员有权要求（）或撤换不称职的干部。,罢免
在党组织讨论决定对党员的党纪处分或作出鉴定时，下列说法中，正确的应该是（）。,本人有权参加和进行申辩，其他党员可以为他作证和辩护
当党员对党的决议和政策有不同意见时，下列说法中，正确的应该是（）。,在坚决执行的前提下，可以声明保留，并且可以把自己的意见向党的上级组织直至中央提出
党员有权利向党的上级组织直至中央提出请求、()，并要求有关组织给以负责的答复。,申诉和控告
发展党员，必须把（）放在首位，经过（），坚持（）的原则。,政治标准，党的支部，个别吸收
申请入党的人要有两名党员作介绍人。这里的党员是指（）。,正式党员
入党介绍人要认真了解申请人的思想、品质、经历和工作表现，向他解释（），说明党员的条件、义务和权利，并向党组织作出负责的报告。,党的纲领和党的章程
党的支部委员会对申请入党的人，要注意征求（）的意见。,党内外有关群众
党的支部委员会对申请入党的人，要进行严格的审查，认为合格后再提交（）讨论。,支部大会
下列表述中，正确的是（）。,在特殊情况下，党的中央委员会可以直接接收党员
预备党员必须面向（）进行入党宣誓。,党旗
预备党员的预备期为（）。,1年
党组织对预备党员应当认真教育和（）。,考察
党章规定，预备党员的（）同正式党员一样。,义务
预备党员的权利，除了没有（）、选举权和被选举权以外，也同正式党员一样。,表决权
预备党员预备期满，（）应当及时讨论他能否转为正式党员。,党的支部
预备党员预备期满，需要继续考察和教育的，可以延长预备期，但不能超过（）。,1年
预备党员预备期满，但在预备期内不履行党员义务，不具备党员条件的，应当（）。,取消预备党员资格
预备党员转为正式党员，或延长预备期，或取消预备党员资格，都应当经（）讨论通过和上级党组织批准。,支部大会
预备党员的预备期，从（）算起。,支部大会通过他为预备党员之日
党员的党龄从（）之日算起。,预备期满转为正式党员
党员领导干部还必须参加党委、党组的（）。,民主生活会
党员要求退党，应当经支部大会讨论后宣布（），并报上级党组织备案。,除名
党员缺乏革命意志，（），不符合党员条件，党的支部应当对他进行教育，要求他限期改正；经教育仍无转变的，应当劝他退党。,不履行党员义务
党员如果没有正当理由，连续（）不参加党的组织生活，或不交纳党费，或不做党所分配的工作，就被认为是自行脱党。,6个月
对没有正当理由连续6个月不参加党的组织生活的党员，支部大会应当（）。,决定把这样的党员除名，并报上级党组织批准
中国共产党是根据自己的纲领和章程，按照（）组织起来的统一整体。,民主集中制
“四个服从”，即党员个人服从党的组织，（），下级组织服从上级组织，全党各个组织和全体党员服从党的全国代表大会和中央委员会。,少数服从多数
党的各级领导机关，除它们派出的代表机关和在非党组织中的党组外，都由（）产生。,选举
党章规定，党的最高领导机关是（）。,党的全国代表大会和它所产生的中央委员会
党的各级委员会向（）负责并报告工作。,同级的代表大会
中国共产党的下级组织既要向上级组织请示和报告工作，又要（）地解决自己职责范围内的问题。,独立负责
下列说法中，正确的是（）。,党的上下级组织之间要互通情报、互相支持和互相监督
党的各级组织要按规定实行（），使党员对党内事务有更多的了解和参与。,党务公开
党的各级委员会实行（）的制度。,集体领导和个人分工负责相结合
凡属重大问题，党的各级委员会都要按照集体领导、民主集中、（）、会议决定的原则。,个别酝酿
党禁止任何形式的个人崇拜。要保证党的领导人的活动处于（）的监督之下，同时维护一切代表党和人民利益的领导人的威信。,党和人民
党的各级代表大会的代表和委员会的产生，要体现()的意志。,选举人
在选举党的各级代表大会的代表和委员会时，应当采用（）的方式进行选举。,无记名投票
可以直接采用候选人数多于应选人数的差额选举办法进行（）；也可以先采用差额选举办法进行预选，产生候选人名单，然后进行（）。,正式选举，正式选举
选举中如果发生违反党章的情况，上一级党的委员会在调查核实后，应作出（）和采取相应措施的决定，并报再上一级党的委员会。,选举无效
党的各级代表大会代表实行（）。,任期制
党的各级代表会议代表的名额和产生办法，由召集代表会议的（）决定。,委员会
凡是成立党的新组织，或是撤销党的原有组织，必须由（）决定。,上级党组织
在党的地方各级代表大会和基层代表大会闭会期间，上级党的组织认为有必要时，可以（）或者指派下级党组织的负责人。,调动
党的中央和地方各级委员会可以派出（）。,代表机关
党的（）委员会实行巡视制度。,中央和省、自治区、直辖市
十九大党章把巡视制度单列为一条。以下关于巡视制度的说法中，正确的是（）。,中央有关部委和国家机关部门党组（党委）根据工作需要，开展巡视工作
党章规定，凡属应由下级组织处理的问题，如无特殊情况，上级领导机关（）。,不要干预
有关全国性的重大政策问题，只有党中央有权作出决定，各部门、各地方的党组织可以向中央提出（），但不得擅自作出决定和对外发表主张。,建议
党的下级组织必须坚决执行上级组织的决定。下级组织如果认为上级组织的决定不符合本地区、本部门的实际情况，可以（）。,请求改变
下列说法中，符合党章规定的是（）。,党的各级组织的报刊和其他宣传工具，必须宣传党的路线、方针、政策和决议
党组织讨论决定问题，必须执行（）的原则。,少数服从多数
党组织决定重要问题，要进行表决。对于少数人的不同意见，应当认真考虑。如对重要问题发生争论，双方人数接近，下列说法错误的是（）。,除了在紧急情况下应当由党组织书记作出决定外，必须按多数意见，尽快执行
党员个人代表党组织发表重要主张，如果超出党组织已有决定的范围，必须（）。,提交所在的党组织讨论决定，或向上级党组织请示
任何党员不论职务高低，都不能个人决定重大问题；如遇紧急情况，必须由个人作出决定时，（）。,事后要迅速向党组织报告
"党的中央、地方和基层组织，都必须重视党的建设,经常（）党的宣传工作、教育工作、组织工作、纪律检查工作、群众工作、统一战线工作等。",讨论和检查
党的全国代表大会每（）举行一次。,5年
党的全国代表大会由（）召集。,中央委员会
中央委员会认为有必要，或者有（）以上的省一级组织提出要求，全国代表大会可以提前举行；如无非常情况，不得延期举行。, 1/3
全国代表大会代表的名额和选举办法，由（）决定。,中央委员会
党的全国代表大会的职权包括（）中央纪律检查委员会的报告。,审查
党的全国代表会议的职权不包括下列哪项：（）。,修改党的章程
党的全国代表会议调整和增选中央委员及候补中央委员的数额，不得超过党的全国代表大会选出的中央委员及候补中央委员各自总数的（）。, 0.2
党的中央委员会每届任期（）。全国代表大会如提前或延期举行，它的任期相应地改变。,5年
党的中央委员会委员和候补委员必须有（）以上的党龄。,5年
中央委员会委员和候补委员的名额，由（）决定。,全国代表大会
中央委员会委员出缺，由中央委员会候补委员按照()依次递补。,得票多少
中央委员会全体会议由中央政治局召集，每年至少举行（）。,1次
在全国代表大会闭会期间，（）执行全国代表大会的决议，领导党的全部工作，对外代表中国共产党。,中央委员会
党的中央政治局、中央政治局常务委员会和中央委员会总书记，由（）选举。,中央委员会全体会议
()在中央委员会全体会议闭会期间，行使中央委员会的职权。,中央政治局和它的常务委员会
中央书记处是中央政治局和它的常务委员会的（）。,办事机构
中央书记处成员由中央政治局常务委员会（），中央委员会全体会议通过。,提名
()负责召集中央政治局会议和中央政治局常务委员会会议。,中央委员会总书记
()主持中央书记处的工作。,中央委员会总书记
党的中央军事委员会组成人员由（）。,中央委员会决定
中央军事委员会实行（）。,主席负责制
()负责军队中党的工作和政治工作，对军队中党的组织体制和机构作出规定。,中央军事委员会
中国人民解放军的党组织，根据（）指示进行工作。,中央委员会
党的省、自治区、直辖市的代表大会，设区的市和自治州的代表大会，县（旗）、自治县、不设区的市和市辖区的代表大会，每（）年举行一次。,5
党的地方各级代表大会由（）召集。,同级党的委员会
党的地方各级代表大会代表的名额和选举办法，由()决定，并报上一级党的委员会批准。,同级党的委员会
下列关于党的地方各级代表大会的职权的表述，错误的是（）。,听取和审查同级纪律检查委员会的报告
党的省、自治区、直辖市、设区的市和自治州的委员会，每届任期5年。这些委员会的委员和候补委员必须有()年以上的党龄。,5
党的县（旗）、自治县、不设区的市和市辖区的委员会，每届任期5年。这些委员会的委员和候补委员必须有()年以上的党龄。,3
党的地方各级委员会的委员和候补委员的名额，分别由（）决定。,上一级委员会
党的地方各级委员会全体会议，每年至少召开（）。,2次
()在党的地方各级代表大会闭会期间，执行上级党组织的指示和同级党代表大会的决议，领导本地方的工作，定期向上级党的委员会报告工作。,党的地方各级委员会
党的地方各级委员会全体会议，选举常务委员会和书记、副书记，并报（）批准。,上级党的委员会
在党的地方各级委员会全体会议闭会期间，（）行使委员会职权。,党的地方各级委员会的常务委员会
党的地区委员会和相当于地区委员会的组织，是党的省、自治区委员会在几个县、自治县、市范围内派出的（）。,代表机关
企业、农村、机关、学校、科研院所等基层单位，凡是有正式党员（）以上的，都应当成立党的基层组织。,3人
下列选项中不属于党的基层组织的是（）。,党组
党的基层委员会由（）选举产生，总支部委员会和支部委员会由（）选举产生。,党员大会或代表大会，党员大会
党的基层委员会、总支部委员会、支部委员会每届任期（）。,3年至5年
十九大党章将党的总支部委员会、支部委员会每届任期调整为（）。,3年至5年
基层委员会、总支部委员会、支部委员会的书记、副书记选举产生后，应报（）批准。,上级党组织
()是党在社会基层组织中的战斗堡垒，是党的全部工作和战斗力的基础。,党的基层组织
党的基层组织有（）基本任务。,8项
党的基层组织要对党员进行教育、管理、监督和服务，提高党员素质，（），增强党性。,坚定理想信念
党的基层组织要密切联系群众，经常了解群众对党员、党的工作的批评和意见，维护群众的（），做好群众的思想政治工作。,正当权利和利益
党的基层组织要监督党员干部和其他任何工作人员严格遵守（），严格遵守国家的财政经济法规和人事制度，不得侵占国家、集体和群众的利益。,国家法律法规
街道、乡、镇党的基层委员会，()本地区的工作和基层社会（），支持和保证行政组织、经济组织和群众自治组织充分行使职权。,领导，治理
国有企业党委（党组）发挥（）作用，把方向、管大局、保落实，依照规定讨论和决定企业重大事项。,领导
非公有制经济组织中党的基层组织，贯彻党的方针政策，（）企业遵守国家的法律法规，领导工会、共青团等群团组织，团结凝聚职工群众。,引导和监督
社会组织中党的基层组织，宣传和执行党的路线、方针、政策，（）工会、共青团等群团组织，教育管理党员，引领服务群众，推动事业发展。,领导
实行行政领导人负责制的事业单位中党的基层组织，发挥（）作用。,战斗堡垒
实行党委领导下的行政领导人负责制的事业单位中党的基层组织，对重大问题进行讨论和（），同时保证行政领导人充分行使自己的职权。,作出决定
各级党和国家机关中党的基层组织，协助行政负责人完成任务，对包括行政负责人在内的每个党员进行（），不领导本单位的业务工作。,教育、管理、监督
()是党的基础组织，担负直接教育党员、管理党员、监督党员和组织群众、宣传群众、凝聚群众、服务群众的职责。,党支部
党的干部是党的事业的骨干，是人民的公仆，要做到（）。,忠诚干净担当
党按照（）的原则选拔干部。,德才兼备、以德为先
党选拔干部坚持（）、任人唯贤。,五湖四海
党的十九大党章修正案增写了选拔干部要坚持()、公道正派的内容。,事业为上
党选拔干部，努力实现干部队伍的革命化、（）、知识化、专业化。,年轻化
党的各级领导干部必须具备的基本条件有（）项。,6
党的干部要努力用马克思主义的立场、观点、方法分析和解决实际问题，坚持讲学习、（）、讲正气，经得起各种风浪的考验。,讲政治
党章要求，各级领导干部要树立正确政绩观，做出经得起（）检验的实绩。,实践、人民、历史
党的各级领导干部要坚持解放思想，实事求是，与时倶进，开拓创新，（）。,认真调查研究
各级领导干部要正确行使人民赋予的权力，（），依法办事，清正廉洁，勤政为民，以身作则，艰苦朴素。,坚持原则
党章要求各级领导干部要加强道德修养，讲党性、()、作表率，做到自重、自省、自警、自励。,重品行
反对“四风”是指反对形式主义、官僚主义、享乐主义和（）,奢靡之风
党的各级组织要善于发现和推荐有真才实学的党外干部担任（）工作，保证他们有职有权，充分发挥他们的作用。,领导
党的各级领导干部必须信念坚定、为民服务、勤政务实、（）、清正廉洁。,敢于担当
党章规定，年龄和健康状况不适宜于继续担任工作的干部，应当按照国家的规定（）。,退、离休
()是维护党的团结统一、完成党的任务的保证。,党的纪律
坚持惩前毖后、治病救人，执纪必严、（），抓早抓小、防微杜渐，按照错误性质和情节轻重，给以批评教育直至纪律处分。,违纪必究
对于严重违纪、严重触犯刑律的党员，必须给予()的纪律处分。,开除党籍
对党员的纪律处分有：警告、严重警告、（）、留党察看、开除党籍。,撤销党内职务
党纪处分中，警告、严重警告属于（）。,轻处分
留党察看的期限最长不超过（）。,2年
下列表述中，正确的是（）。,党员在留党察看期间没有表决权、选举权和被选举权
党员经过留党察看，确已改正错误的，应当恢复其党员的权利；坚持错误不改的，应当（）。,开除党籍
党内的最高处分是（）。,开除党籍
各级党组织在决定或批准开除党员党籍的时候，应当全面研究有关的材料和意见，采取（）的态度。,十分慎重
对党员的纪律处分，必须经过（）讨论决定，报党的基层委员会批准。,支部大会
对党员的纪律处分，如果涉及的问题比较重要或复杂，或给党员以开除党籍的处分，应分别不同情况，报（）党的纪律检查委员会审查批准。,县级或县级以上
"在特殊情况下,（）各级党的委员会和纪律检查委员会有权直接决定给党员以纪律处分。",县级和县级以上
对党的中央委员会委员、候补委员，给以警告、严重警告处分，由（）审议后，报党中央批准。,中央纪律检查委员会常务委员会
对地方各级党的委员会委员、候补委员，给以警告、严重警告处分，应由上一级纪律检查委员会批准，并报它的同级党的委员会（）。,备案
给以撤销党内职务、留党察看或开除党籍的处分，必须由本人所在的委员会全体会议（）以上的多数决定。, 2/3
对地方各级委员会委员和候补委员给以撤销党内职务、留党察看或开除党籍的处分，必须经（）审议，由这一级纪委报同级党委批准。,上级纪律检查委员会常务委员会
严重触犯刑律的中央委员会委员、候补委员，由()决定开除其党籍。,中央政治局
严重触犯刑律的地方各级委员会委员、候补委员，由（）决定开除其党籍。,同级委员会常务委员会
党组织对党员作出处分决定，应当实事求是地查清事实。处分决定所依据的事实材料和处分决定必须（）。,同本人见面，听取本人说明情况和申辩
如果党员本人对党组织作出的处分决定不服，可以()，有关党组织必须负责处理或者迅速转递，不得扣压。,提出申诉
党组织如果在维护党的纪律方面失职，必须（）。,问责
党的中央纪律检查委员会在（）领导下进行工作。,党的中央委员会
党的地方各级纪律检查委员会和基层纪律检查委员会在同级党的委员会和上级纪律检查委员会（）下进行工作。,双重领导
十九大党章增加了上级党的纪律检查委员会加强对下级纪律检查委员会的（）的内容。,领导
党的各级纪律检查委员会每届任期和同级党的委员会（）。,相同
党的中央纪律检查委员会常务委员会和书记、副书记，由（）选举产生，并报党的中央委员会批准。,党的中央纪律检查委员会全体会议
党的地方各级纪律检查委员会全体会议，选举常务委员会和书记、副书记，并由（）通过，报上级党的委员会批准。,同级党的委员会
党的基层委员会是设立纪律检查委员会，还是设立纪律检查委员，由它的（）根据具体情况决定。,上一级党组织
党的总支部委员会和支部委员会设（）。,纪律检查委员
党的中央和地方纪律检查委员会向（）党和国家机关全面派驻党的纪律检查组。纪律检查组组长（）驻在部门党的领导组织的有关会议。,同级，参加
各级纪委的主要任务：维护党章和其他党内法规，检查党的路线、方针、政策和决议的执行情况，协助党的委员会推进全面从严治党、加强党风建设和（）。,组织协调反腐败工作
党的各级纪律检查委员会是党内监督（）机关。,专责
党的各级纪律检查委员会的职责是监督、（）、问责，要经常对党员进行遵守纪律的教育，作出关于维护党纪的决定。,执纪
党的各级纪律检查委员会对（）履行职责、行使权力进行监督，受理处置党员群众检举举报，开展谈话提醒、约谈函询。,党的组织和党员领导干部
党的各级纪律检查委员会要受理党员的（）。,控告和申诉
各级纪律检查委员会要把处理特别重要或复杂的案件中的问题和处理的结果，向（）报告。,同级党的委员会
纪委发现同级党委委员有违犯党的纪律的行为，可以先进行初步核实，如果需要立案检查的，应当在向同级党的委员会报告的同时向（）报告。,上一级纪律检查委员会
各级纪委发现同级党委委员有违犯党的纪律的行为，涉及常务委员的，报告上一级纪律检查委员会，由（）进行初步核实。,上一级纪律检查委员会
上级纪律检查委员会有权（）下级纪律检查委员会的工作。,检查
党的地方各级纪律检查委员会和基层纪律检查委员会如果对同级党的委员会处理案件的决定有不同意见，可以请求（）予以复查。,上一级纪律检查委员会
在中央和地方国家机关、人民团体、经济组织、文化组织和其他非党组织的领导机关中，可以成立（）。,党组
党组发挥（）作用。,领导核心
党组有讨论和决定基层党组织设置调整和发展党员、()等重要事项的任务。,处分党员
下列几项中，不由选举产生的是（）。,党组
党组的成员，由（）决定。,批准成立党组的党组织
下列说法中，正确的是（）。,党组设书记，必要时还可以设副书记
党组必须服从（）领导。,批准它成立的党组织
党章规定，中国共产主义青年团是中国共产党领导的先进青年的（）。,群团组织
中国共产主义青年团是广大青年在实践中学习（）的学校。,中国特色社会主义和共产主义
党章规定，中国共产主义青年团是党的（）。,助手和后备军
共青团的地方各级组织受（）领导，同时受（）领导。,同级党的委员会，共青团上级组织
党要坚决支持共青团根据广大青年的特点和需要，生动活泼地、富于创造性地进行工作，充分发挥团的（）作用和联系广大青年的桥梁作用。,突击队
共青团的县级和县级以下各级委员会书记，企业事业单位的团委员会书记，是党员的，可以（）同级党的委员会和常务委员会的会议。,列席
中国共产党党徽为（）组成的图案。党旗为旗面缀有金黄色党徽图案的红旗。,镰刀和锤头
中国共产党的（）是中国共产党的象征和标志。,党徽党旗
现行党章是1982年9月党的十二大修改制定的。根据形势和任务的发展变化，到目前为止，已经先后对其进行了（）次修改。,7
党的一大通过了（），宣告中国共产党的诞生。它规定了党的名称、性质和纲领，提出了党的最终奋斗目标。,《中国共产党第一个纲领》
党的一大纲领以（）为榜样，规定了党的组织原则和组织机构。,俄国社会民主工党章程
党的一大制定并通过的《中国共产党第一个纲领》开篇就明确规定：“本党定名为‘（）’。”,中国共产党
()规定：“本纲领须经全国代表大会三分之二代表同意，始得修改。”,一大党纲
()通过了第一部《中国共产党章程》，标志着我们党从此开始有了自己的最高行为规范。,党的二大
二大党章首次规定，党章的修改权属于（）。,党的全国代表大会
关于二大党章，下列说法中正确的是（）。,规定了全国代表大会为本党最高机关
()第一次对党章进行了修改。,党的三大
党的三大通过《中国共产党第一次修正章程》，严格了党员入党手续，首次规定了候补党员的（）及权利义务。,候补期制度
三大党章增加了关于“党员自请出党”（即自愿退党）的规定，增加该条款，是为了加强党员的（）。,自律意识
1925年1月，中国共产党第四次全国代表大会通过了（）。,《中国共产党第二次修正章程》
党的四大通过的《中国共产党第二次修正章程》规定，凡有党员（）以上均得成立一支部。,3人
根据党的四大通过的《中国共产党第二次修正章程》，党的历史上第一次将党的中央最高领导人称为（）。,总书记
1927年6月，中共中央政治局会议通过的（）是党的历史上唯一不是由党的代表大会制定和修改的党章。,《中国共产党第三次修正章程决案》
()首次用专门一章规定在中央和省设立党的监察委员会。,《中国共产党第三次修正章程决案》
在（）中，中国共产党最早规定了民主集中制原则为党部的指导原则。,《中国共产党第三次修正章程决案》
《中国共产党第三次修正章程决案》规定，中央委员会除选举总书记外，还要选举“中央正式委员若干人组织()，指导全国一切政治工作”。,中央政治局
()通过的《中国共产党党章》是唯一一部不在国内修改和通过的党章。,党的六大
()第一次明确规定民主集中制是中国共产党的组织原则。,六大党章
六大党章明确规定，中国共产党为（）的一部分。,共产国际
()在党章中加入了总纲部分，这在党章史上是一次重要创新。,七大党章
七大党章第一次确立了（）在全党的指导地位，并将之贯穿于党章总纲和各项条文之中。,毛泽东思想
()着重强调了党的群众路线。,七大党章
()首次以条文的形式明确规定了党员的权利和义务，它也是中国共产党成立后第一部比较完备的章程，为党的制度建设构建起了新的框架。,七大党章
1956年通过的（）是中国共产党全面执政之后制定的第一部党章。,八大党章
党的八大首次规定党的代表大会实行常任制，党的全国代表大会每届任期（）年。,5
党的九大、十大通过的党章肯定并坚持“无产阶级专政下继续革命”的理论，突出强调“（）”。,以阶级斗争为纲
()是一部体现了我们党“在徘徊中前进”的党章，既有积极作用又有严重缺陷。虽然其中仍存在一些问题，但已迈开了前进的步伐。,十一大党章
()首次将“任人唯贤”的干部路线写入党章。,十一大党章
十二大党章第一次从党的根本大法的高度，取消了干部职务（)。,终身制
()首次载入人党誓词。,十二大党章
()第一次把“实行在党的纪律面前人人平等的原则”载人党章的总纲之中。,党的十二大
把“党的干部”作为专门一章加以规定，始于（）。,十二大党章
十三大党章对于党章的（）部分做了修改。,条文
十三大党章进一步完善了党内选举制度，首次规定党的各级代表大会的代表和委员会的产生实施（）。,差额选举
（）增写了建设有中国特色社会主义理论和党的基本路线，确立了邓小平建设有中国特色社会主义理论在全党的指导地位。,十四大党章
首次将“坚持人民代表大会制度”载入党章总纲的是（）。,十四大党章
（）通过的党章，首次明确提出党的建设必须“坚持从严治党”。,党的十四大
在1997年通过的（）中，将邓小平理论确立为党的指导思想。,十五大党章
2002年通过的（）将“三个代表”重要思想同马克思列宁主义、毛泽东思想、邓小平理论一道确立为党的指导思想。,十六大党章
()首次规定，党的各级代表大会代表实行任期制。,十七大党章
十八大党章明确了中国特色社会主义事业“五位一体”的总体布局，即全面推进经济建设、政治建设、文化建设、社会建设、（）。,生态文明建设
()把科学发展观同马克思列宁主义、毛泽东思想、邓小平理论、“三个代表”重要思想一道确立为党的指导思想。,十八大党章
习近平同志任中央委员会总书记后公开发表的第一篇署名文章是《认真学习党章严格遵守党章》。（）,对
党的一大通过了党的第一部正式党章。（）,错
党的历次代表大会都对党章作出了修改。（）,错
中国共产党仅是中国无产阶级的先锋队。（）,错
党的最高理想和最终目标是社会主义社会代替资本主义社会。（）,错
坚持马克思列宁主义的基本原理，走中国人民自愿选择的适合中国国情的道路，中国的社会主义事业必将取得最终的胜利。（）,对
现阶段，我国社会的主要矛盾是人民群众日益增长的物质文化需要与发展不充分的社会生产之间的矛盾。（）,错
我国目前已经没有阶级斗争存在。（）,错
十九大党章在总纲中增写了必须坚持以创新为中心的发展思想的内容。（）,错
中国共产党领导的多党合作和政治协商制度是我国的一项基本政治制度。（）,对
全心全意为人民服务是我们党执政兴国的第一要务。（）,错
要在互相尊重主权和领土完整、互不侵犯、互不干涉内政、平等互利、和平共处五项原则的基础上，发展我国同世界各国的关系。（）,对
我们要不断提高党的领导水平和执政水平，提高拒腐防变和抵御风险的能力，不断增强自我净化、自我完善、自我革新、自我提高能力。,对
十九大党章将党的建设总体要求中的“坚持党要管党、从严治党”修改为“全面坚持党要管党、从严治党”。（）,错
我们党的最大政治优势是理论联系实际，党执政后的最大危险是脱离群众。（）,错
民主集中制是集中基础上的民主和民主指导下的集中相结合。（）,错
民主集中制是党的根本组织原则，也是群众路线在党的生活中的运用。（）,对
党政军民学，东西南北中，党是领导一切的。（）,对
可以申请加入中国共产党的最小年龄为16岁。（）,错
在党组织讨论决定对党员的党纪处分或作出鉴定时，本人无权参加和进行申辩。（）,错
党员对党的决议和政策如有不同意见，在坚决执行的前提下，可以声明保留，并且可以把自己的意见向党的上级组织直至中央提出。（）,对
党的中央组织可以剥夺党章规定的党员的权利。（）,错
发展党员，必须把现实表现放在首位，经过党的支部，坚持个别吸收的原则。（）,错
申请入党的人，要填写入党志愿书，要有一名正式党员作介绍人，要经过支部大会通过，就可以成为正式党员。（）,错
党的支部委员会对申请入党的人，要注意征求党内外有关群众的意见，进行严格的审查，认为合格后再提交支部大会讨论。（）,对
预备党员不履行党员义务，不具备党员条件的，应当继续延长预备期直至合格。（）,错
党员的党龄，从支部大会通过他为预备党员之日算起。（）,错
预备党员的预备期也要计入党龄。（）,错
中央政治局常委不必编入党的一个支部参加党的组织生活。（）,错
不允许有任何不参加党的组织生活、不接受党内外群众监督的特殊党员。（）,对
党员要求退党，应当经上级党委讨论后宣布除名，并报上级党组织备案。（）,错
党员如果没有正当理由，连续一年不交纳党费，就被认为是自行脱党。（）,错
党的各级领导机关，除它们派出的代表机关和在非党组织中的党组外，都由上级党委任命产生。（）,错
党的最高领导机关，是党的全国代表大会和它所产生的中央政治局。（）,错
在党的地方各级代表大会和基层代表大会闭会期间，上级党的组织认为有必要时，可以调动或者指派下级党组织的负责人。（）,对
选举党的各级代表大会的代表和委员会，应采用实名投票的方式。（）,错
党的各级委员会都要实行巡视制度。（）,错
党的各级领导机关，对同下级组织有关的重要问题作出决定时，在通常情况下，不必征求下级组织的意见。（）,错
党组织讨论决定问题执行少数服从多数的原则。如对重要问题发生争论，双方人数接近，要严格按照票数多少立即作出决定。（）,错
党的全国代表大会每4年举行一次。（）,错
党的全国代表会议调整和增选中央委员会及候补中央委员的数额，不得超过党的全国代表大会选出的中央委员及候补中央委员各自总数的1/4。（）,错
中央委员会委员和候补委员必须有10年以上的党龄。（）,错
中央书记处成员由中央政治局提名，中央委员会全体会议通过。（）,错
党的中央军事委员会组成人员由中央政治局决定。（）,错
党章规定，中国人民解放军总政治部负责军队中党的工作和政治工作。（）,错
党的县（旗）、自治县、不设区的市和市辖区的委员会的委员和候补委员必须有5年以上的党龄。（）,错
基层委员会、总支部委员会和支部委员会都必须由党员大会选举产生。（）,错
党的基层委员会每届任期3年至5年，总支部委员会、支部委员会每届任期2年至3年。（）,错
国有企业党委（党组）发挥政治核心作用。（）,错
实行行政领导负责制的事业单位中党的基层组织，发挥政治核心作用。（）,错
各级党和国家机关中党的基层组织，领导本单位的业务工作。（）,错
党的干部要做到忠诚干净担当。（）,对
党员干部要正确行使人民赋予的权力，自觉接受党和群众的批评和监督，做到自重、自省、自警、自励。（）,对
党的各级领导干部，无论是由民主选举产生的，或是由领导机关任命的，他们的职务都不是终身的，都可以变动或解除。（）,对
党员经过留党察看，确已改正错误的，应当恢复其党员的权利；坚持错误不改的，应当延长留党察看时间。（）,错
开除党籍是党内的最高处分。（）,对
给党员以开除党籍的处分，应分别不同情况，报县级或县级以上党的委员会审查批准。（）,错
党的地方各级纪律检查委员会全体会议，选举常务委员会和书记、副书记，并报同级党的委员会批准。（）,错
党的基层委员会是设立纪律检查委员会，还是设立纪律检查委员，由它自己根据具体情况决定。（）,错
各级纪律检查委员会对同级党委委员需要进行立案检查的，视情况可以报告上一级纪律检查委员会。（）,错
团的县级和县级以下各级委员会书记，企业事业单位的团委员会书记，是党员的，可以列席上级党的委员会和常务委员会的会议。（）,错
党旗党徽及其图案可以用作商标和广告。（）,错
在中国移动党风廉政建设和反腐败工作体系四大模块中，（    ）是基础，筑牢不想腐的思想基础。,教育
在中国移动党风廉政建设和反腐败工作体系四大模块中，（    ）是利器，促进责任明确和责任担当。,问责
在中国移动党风廉政建设和反腐败工作体系四大模块中，（    ）是手段，营造不敢腐的形势压力。,惩治
在中国移动党风廉政建设和反腐败工作体系中，问责模块的核心工作是（    ），同时要做好与教育、防控、惩治的衔接。,责任追究
党风廉政建设和反腐败工作体系四大模块中，（    ）是构建工作体系的关键切入口，有助于推动“不能腐”的体制机制有效运行。,防控
跨入新世纪，我国进入（）的新的发展阶段。,全面建设小康社会、加快推进社会主义现代化